<?xml version="1.0" encoding="UTF-8"?><metadata>
    <idinfo>
        <citation>
            <citeinfo>
                <title>Tax Parcels</title>
            </citeinfo>
        </citation>
        <descript>
            <abstract>  Tax parcel polygons throughout Pierce County, including condos, but not including mobile homes which can be found in the "Mobile Home" layer instead.  Parcel number is the unique identifier and additional parcel attribution can be found here (https://www.co.pierce.wa.us/736/Data-Downloads) Click the link for Use Code Descriptions (https://www.co.pierce.wa.us/DocumentCenter/View/604/Use-Code-Listing?bidId=)  Please read metadata (https://matterhorn.co.pierce.wa.us/GISmetadata/pdbparc_taxparcel.html) for additional information.  Any data download constitutes acceptance of the Terms of Use (https://matterhorn.co.pierce.wa.us/Disclaimer/PierceCountyGISDataTermsofUse.pdf)   If you have questions or need supplemental information, please call the Assessor-Treasurer Operations Team at 253-798-3134.</abstract>
            <purpose/>
        </descript>
        <keywords>
            <theme>
                <themekt>None</themekt>
                <themekey>Pierce</themekey>
                <themekey>County</themekey>
                <themekey>Washington</themekey>
                <themekey>Parcels</themekey>
                <themekey>tax</themekey>
                <themekey>parcel</themekey>
                <themekey>parcel</themekey>
                <themekey>property</themekey>
                <themekey>condominiums</themekey>
                <themekey>taxes</themekey>
                <themekey>ATR</themekey>
                <themekey>Parcel</themekey>
                <themekey>Geodatabase</themekey>
            </theme>
        </keywords>
        <accconst>None</accconst>
        <useconst/>
        <datacred/>
    </idinfo>
    <metainfo>
        <metstdn>FGDC Content Standard for Digital Geospatial Metadata</metstdn>
        <metstdv>FGDC-STD-001-1998</metstdv>
        <mettc>local time</mettc>
    </metainfo>
</metadata>
