<metadata xml:lang="en"><Esri><CreaDate>20220301</CreaDate><CreaTime>11395600</CreaTime><ArcGISFormat>1.0</ArcGISFormat><SyncOnce>FALSE</SyncOnce><DataProperties><lineage><Process ToolSource="c:\users\ulsr1477\appdata\local\programs\arcgis\pro\Resources\ArcToolbox\toolboxes\Conversion Tools.tbx\FeatureClassToFeatureClass" Date="20220301" Time="113956">FeatureClassToFeatureClass HOLC_Neighborhoods_Parcels C:\Users\ulsr1477\Desktop\testing\testing\testing.gdb HOLC_Neighborhoods_Parcels_Improvements # "TaxParcelNumber "TaxParcelNumber" true true false 10 Text 0 0,First,#,HOLC_Neighborhoods_Parcels,HOLC_Neighborhoods_Parcels.TaxParcelNumber,0,10;TaxParcelType "TaxParcelType" true true false 30 Text 0 0,First,#,HOLC_Neighborhoods_Parcels,HOLC_Neighborhoods_Parcels.TaxParcelType,0,30;TaxParcelLevel "TaxParcelLevel" true true false 4 Float 0 0,First,#,HOLC_Neighborhoods_Parcels,HOLC_Neighborhoods_Parcels.TaxParcelLevel,-1,-1;TaxParcelUnit "TaxParcelUnit" true true false 30 Text 0 0,First,#,HOLC_Neighborhoods_Parcels,HOLC_Neighborhoods_Parcels.TaxParcelUnit,0,30;TaxParcelUnitType "TaxParcelUnitType" true true false 30 Text 0 0,First,#,HOLC_Neighborhoods_Parcels,HOLC_Neighborhoods_Parcels.TaxParcelUnitType,0,30;EffectiveDate "EffectiveDate" true true false 8 Date 0 0,First,#,HOLC_Neighborhoods_Parcels,HOLC_Neighborhoods_Parcels.EffectiveDate,-1,-1;RetiredDate "RetiredDate" true true false 8 Date 0 0,First,#,HOLC_Neighborhoods_Parcels,HOLC_Neighborhoods_Parcels.RetiredDate,-1,-1;TaxParcelMultiPartCount "TaxParcelMultiPartCount" true true false 2 Short 0 0,First,#,HOLC_Neighborhoods_Parcels,HOLC_Neighborhoods_Parcels.TaxParcelMultiPartCount,-1,-1;SubtypeCD "SubtypeCD" true true false 2 Short 0 0,First,#,HOLC_Neighborhoods_Parcels,HOLC_Neighborhoods_Parcels.SubtypeCD,-1,-1;TaxParcelComment "TaxParcelComment" true true false 255 Text 0 0,First,#,HOLC_Neighborhoods_Parcels,HOLC_Neighborhoods_Parcels.TaxParcelComment,0,255;EditDate "EditDate" true true false 8 Date 0 0,First,#,HOLC_Neighborhoods_Parcels,HOLC_Neighborhoods_Parcels.EditDate,-1,-1;Delivery_Address "Delivery_Address" true true false 155 Text 0 0,First,#,HOLC_Neighborhoods_Parcels,HOLC_Neighborhoods_Parcels.Delivery_Address,0,155;City_State "City_State" true true false 50 Text 0 0,First,#,HOLC_Neighborhoods_Parcels,HOLC_Neighborhoods_Parcels.City_State,0,50;Zipcode "Zipcode" true true false 10 Text 0 0,First,#,HOLC_Neighborhoods_Parcels,HOLC_Neighborhoods_Parcels.Zipcode,0,10;Site_Address "Site_Address" true true false 50 Text 0 0,First,#,HOLC_Neighborhoods_Parcels,HOLC_Neighborhoods_Parcels.Site_Address,0,50;Business_Name "Business_Name" true true false 50 Text 0 0,First,#,HOLC_Neighborhoods_Parcels,HOLC_Neighborhoods_Parcels.Business_Name,0,50;Land_Acres "Land_Acres" true true false 8 Double 0 0,First,#,HOLC_Neighborhoods_Parcels,HOLC_Neighborhoods_Parcels.Land_Acres,-1,-1;Land_Value "Land_Value" true true false 4 Long 0 0,First,#,HOLC_Neighborhoods_Parcels,HOLC_Neighborhoods_Parcels.Land_Value,-1,-1;Improvement_Value "Improvement_Value" true true false 4 Long 0 0,First,#,HOLC_Neighborhoods_Parcels,HOLC_Neighborhoods_Parcels.Improvement_Value,-1,-1;Taxable_Value "Taxable_Value" true true false 4 Long 0 0,First,#,HOLC_Neighborhoods_Parcels,HOLC_Neighborhoods_Parcels.Taxable_Value,-1,-1;Use_Code "Use_Code" true true false 5 Text 0 0,First,#,HOLC_Neighborhoods_Parcels,HOLC_Neighborhoods_Parcels.Use_Code,0,5;Tax_Area_Code "Tax_Area_Code" true true false 10 Text 0 0,First,#,HOLC_Neighborhoods_Parcels,HOLC_Neighborhoods_Parcels.Tax_Area_Code,0,10;Landuse_Description "Landuse_Description" true true false 50 Text 0 0,First,#,HOLC_Neighborhoods_Parcels,HOLC_Neighborhoods_Parcels.Landuse_Description,0,50;Tax_Senior_Exemption "Tax_Senior_Exemption" true true false 5 Text 0 0,First,#,HOLC_Neighborhoods_Parcels,HOLC_Neighborhoods_Parcels.Tax_Senior_Exemption,0,5;Legal_Description "Legal_Description" true true false 254 Text 0 0,First,#,HOLC_Neighborhoods_Parcels,HOLC_Neighborhoods_Parcels.Legal_Description,0,254;Exemption_Code "Exemption_Code" true true false 5 Text 0 0,First,#,HOLC_Neighborhoods_Parcels,HOLC_Neighborhoods_Parcels.Exemption_Code,0,5;RTSQQ "RTSQQ" true true false 8 Text 0 0,First,#,HOLC_Neighborhoods_Parcels,HOLC_Neighborhoods_Parcels.RTSQQ,0,8;X_Coordinate "X_Coordinate" true true false 8 Double 0 0,First,#,HOLC_Neighborhoods_Parcels,HOLC_Neighborhoods_Parcels.X_Coordinate,-1,-1;Y_Coordinate "Y_Coordinate" true true false 8 Double 0 0,First,#,HOLC_Neighborhoods_Parcels,HOLC_Neighborhoods_Parcels.Y_Coordinate,-1,-1;Longitude "Longitude" true true false 8 Double 0 0,First,#,HOLC_Neighborhoods_Parcels,HOLC_Neighborhoods_Parcels.Longitude,-1,-1;Latitude "Latitude" true true false 8 Double 0 0,First,#,HOLC_Neighborhoods_Parcels,HOLC_Neighborhoods_Parcels.Latitude,-1,-1;MapLegend "MapLabel" true true false 30 Text 0 0,First,#,HOLC_Neighborhoods_Parcels,HOLC_Neighborhoods_Parcels.MapLegend,0,30;Shape_Length "Shape_Length" false true true 8 Double 0 0,First,#,HOLC_Neighborhoods_Parcels,HOLC_Neighborhoods_Parcels.Shape_Length,-1,-1;Shape_Area "Shape_Area" false true true 8 Double 0 0,First,#,HOLC_Neighborhoods_Parcels,HOLC_Neighborhoods_Parcels.Shape_Area,-1,-1;OBJECTID_1 "OBJECTID_1" false true false 4 Long 0 9,First,#,HOLC_Neighborhoods_Parcels,improvement_join_builtas.OBJECTID_1,-1,-1;parcel_number "parcel_number" true true false 8 Double 0 0,First,#,HOLC_Neighborhoods_Parcels,improvement_join_builtas.parcel_number,-1,-1;BuildingID "BuildingID" true true false 4 Long 0 0,First,#,HOLC_Neighborhoods_Parcels,improvement_join_builtas.BuildingID,-1,-1;PropertyType "PropertyType" true true false 8000 Text 0 0,First,#,HOLC_Neighborhoods_Parcels,improvement_join_builtas.PropertyType,0,8000;Neighborhood "Neighborhood" true true false 8000 Text 0 0,First,#,HOLC_Neighborhoods_Parcels,improvement_join_builtas.Neighborhood,0,8000;Neighborhood_Extension "Neighborhood_Extension" true true false 8000 Text 0 0,First,#,HOLC_Neighborhoods_Parcels,improvement_join_builtas.Neighborhood_Extension,0,8000;Square_Feet "Square_Feet" true true false 4 Long 0 0,First,#,HOLC_Neighborhoods_Parcels,improvement_join_builtas.Square_Feet,-1,-1;Net_Square_Feet "Net_Square_Feet" true true false 4 Long 0 0,First,#,HOLC_Neighborhoods_Parcels,improvement_join_builtas.Net_Square_Feet,-1,-1;Percent_Complete "Percent_Complete" true true false 8 Double 0 0,First,#,HOLC_Neighborhoods_Parcels,improvement_join_builtas.Percent_Complete,-1,-1;Condition "Condition" true true false 8000 Text 0 0,First,#,HOLC_Neighborhoods_Parcels,improvement_join_builtas.Condition,0,8000;Quality "Quality" true true false 8000 Text 0 0,First,#,HOLC_Neighborhoods_Parcels,improvement_join_builtas.Quality,0,8000;Primary_Occupancy_Code "Primary_Occupancy_Code" true true false 4 Long 0 0,First,#,HOLC_Neighborhoods_Parcels,improvement_join_builtas.Primary_Occupancy_Code,-1,-1;Primary_Occupancy_Description "Primary_Occupancy_Description" true true false 8000 Text 0 0,First,#,HOLC_Neighborhoods_Parcels,improvement_join_builtas.Primary_Occupancy_Description,0,8000;Mobile_Home_Serial_Number "Mobile_Home_Serial_Number" true true false 8000 Text 0 0,First,#,HOLC_Neighborhoods_Parcels,improvement_join_builtas.Mobile_Home_Serial_Number,0,8000;Mobile_Home_Length "Mobile_Home_Length" true true false 4 Long 0 0,First,#,HOLC_Neighborhoods_Parcels,improvement_join_builtas.Mobile_Home_Length,-1,-1;Mobile_Home_Make "Mobile_Home_Make" true true false 8000 Text 0 0,First,#,HOLC_Neighborhoods_Parcels,improvement_join_builtas.Mobile_Home_Make,0,8000;Attic_Finished_Square_Feet "Attic_Finished_Square_Feet" true true false 4 Long 0 0,First,#,HOLC_Neighborhoods_Parcels,improvement_join_builtas.Attic_Finished_Square_Feet,-1,-1;Basement_Square_Feet "Basement_Square_Feet" true true false 4 Long 0 0,First,#,HOLC_Neighborhoods_Parcels,improvement_join_builtas.Basement_Square_Feet,-1,-1;Basement_Finished_Square_Feet "Basement_Finished_Square_Feet" true true false 4 Long 0 0,First,#,HOLC_Neighborhoods_Parcels,improvement_join_builtas.Basement_Finished_Square_Feet,-1,-1;Carport_Square_Feet "Carport_Square_Feet" true true false 8000 Text 0 0,First,#,HOLC_Neighborhoods_Parcels,improvement_join_builtas.Carport_Square_Feet,0,8000;Balcony_Square_Feet "Balcony_Square_Feet" true true false 8000 Text 0 0,First,#,HOLC_Neighborhoods_Parcels,improvement_join_builtas.Balcony_Square_Feet,0,8000;Porch_Square_Feet "Porch_Square_Feet" true true false 4 Long 0 0,First,#,HOLC_Neighborhoods_Parcels,improvement_join_builtas.Porch_Square_Feet,-1,-1;Detached_Garage_Square_Feet "Detached_Garage_Square_Feet" true true false 4 Long 0 0,First,#,HOLC_Neighborhoods_Parcels,improvement_join_builtas.Detached_Garage_Square_Feet,-1,-1;Fireplaces "Fireplaces" true true false 4 Long 0 0,First,#,HOLC_Neighborhoods_Parcels,improvement_join_builtas.Fireplaces,-1,-1;Basement_Garage_Door "Basement_Garage_Door" true true false 4 Long 0 0,First,#,HOLC_Neighborhoods_Parcels,improvement_join_builtas.Basement_Garage_Door,-1,-1;parcel_number_text "parcel_number_text" true true false 512 Text 0 0,First,#,HOLC_Neighborhoods_Parcels,improvement_join_builtas.parcel_number_text,0,512;parcel_buildingid "parcel_buildingid" true true false 512 Text 0 0,First,#,HOLC_Neighborhoods_Parcels,improvement_join_builtas.parcel_buildingid,0,512;OBJECTID "OBJECTID" true true false 4 Long 0 0,First,#,HOLC_Neighborhoods_Parcels,improvement_join_builtas.OBJECTID,-1,-1;Parcel_Number_1 "Parcel_Number" true true false 4 Long 0 0,First,#,HOLC_Neighborhoods_Parcels,improvement_join_builtas.Parcel_Number_1,-1,-1;BuildingID_1 "BuildingID" true true false 4 Long 0 0,First,#,HOLC_Neighborhoods_Parcels,improvement_join_builtas.BuildingID_1,-1,-1;Build_As_Number "Build_As_Number" true true false 4 Long 0 0,First,#,HOLC_Neighborhoods_Parcels,improvement_join_builtas.Build_As_Number,-1,-1;BuiltAsID "BuiltAsID" true true false 4 Long 0 0,First,#,HOLC_Neighborhoods_Parcels,improvement_join_builtas.BuiltAsID,-1,-1;BuiltAsDescription "BuiltAsDescription" true true false 8000 Text 0 0,First,#,HOLC_Neighborhoods_Parcels,improvement_join_builtas.BuiltAsDescription,0,8000;BuiltAsSquareFeet "BuiltAsSquareFeet" true true false 4 Long 0 0,First,#,HOLC_Neighborhoods_Parcels,improvement_join_builtas.BuiltAsSquareFeet,-1,-1;HVAC "HVAC" true true false 8000 Text 0 0,First,#,HOLC_Neighborhoods_Parcels,improvement_join_builtas.HVAC,0,8000;HVACDescription "HVACDescription" true true false 8000 Text 0 0,First,#,HOLC_Neighborhoods_Parcels,improvement_join_builtas.HVACDescription,0,8000;Exterior "Exterior" true true false 8000 Text 0 0,First,#,HOLC_Neighborhoods_Parcels,improvement_join_builtas.Exterior,0,8000;Interior "Interior" true true false 8000 Text 0 0,First,#,HOLC_Neighborhoods_Parcels,improvement_join_builtas.Interior,0,8000;Stories "Stories" true true false 8 Double 0 0,First,#,HOLC_Neighborhoods_Parcels,improvement_join_builtas.Stories,-1,-1;StoryHeigh "StoryHeigh" true true false 4 Long 0 0,First,#,HOLC_Neighborhoods_Parcels,improvement_join_builtas.StoryHeigh,-1,-1;SprinklerSquareFeet "SprinklerSquareFeet" true true false 4 Long 0 0,First,#,HOLC_Neighborhoods_Parcels,improvement_join_builtas.SprinklerSquareFeet,-1,-1;RookCover "RookCover" true true false 8000 Text 0 0,First,#,HOLC_Neighborhoods_Parcels,improvement_join_builtas.RookCover,0,8000;Bedrooms "Bedrooms" true true false 4 Long 0 0,First,#,HOLC_Neighborhoods_Parcels,improvement_join_builtas.Bedrooms,-1,-1;Bathrooms "Bathrooms" true true false 8 Double 0 0,First,#,HOLC_Neighborhoods_Parcels,improvement_join_builtas.Bathrooms,-1,-1;Units "Units" true true false 4 Long 0 0,First,#,HOLC_Neighborhoods_Parcels,improvement_join_builtas.Units,-1,-1;ClassCode "ClassCode" true true false 8000 Text 0 0,First,#,HOLC_Neighborhoods_Parcels,improvement_join_builtas.ClassCode,0,8000;ClassDescription "ClassDescription" true true false 8000 Text 0 0,First,#,HOLC_Neighborhoods_Parcels,improvement_join_builtas.ClassDescription,0,8000;YearBuilt "YearBuilt" true true false 4 Long 0 0,First,#,HOLC_Neighborhoods_Parcels,improvement_join_builtas.YearBuilt,-1,-1;YearRemodeled "YearRemodeled" true true false 4 Long 0 0,First,#,HOLC_Neighborhoods_Parcels,improvement_join_builtas.YearRemodeled,-1,-1;AdjustedYearBuilt "AdjustedYearBuilt" true true false 4 Long 0 0,First,#,HOLC_Neighborhoods_Parcels,improvement_join_builtas.AdjustedYearBuilt,-1,-1;PhysicalAge "PhysicalAge" true true false 4 Long 0 0,First,#,HOLC_Neighborhoods_Parcels,improvement_join_builtas.PhysicalAge,-1,-1;BuiltAsLength "BuiltAsLength" true true false 4 Long 0 0,First,#,HOLC_Neighborhoods_Parcels,improvement_join_builtas.BuiltAsLength,-1,-1;BuiltASWidth "BuiltASWidth" true true false 4 Long 0 0,First,#,HOLC_Neighborhoods_Parcels,improvement_join_builtas.BuiltASWidth,-1,-1;MobileHomeModel "MobileHomeModel" true true false 8000 Text 0 0,First,#,HOLC_Neighborhoods_Parcels,improvement_join_builtas.MobileHomeModel,0,8000;Parcel_Number_Text_1 "Parcel_Number_Text" true true false 512 Text 0 0,First,#,HOLC_Neighborhoods_Parcels,improvement_join_builtas.Parcel_Number_Text_1,0,512;foreign_key "foreign_key" true true false 512 Text 0 0,First,#,HOLC_Neighborhoods_Parcels,improvement_join_builtas.foreign_key,0,512;parcel_buildingid_1 "parcel_buildingid" true true false 512 Text 0 0,First,#,HOLC_Neighborhoods_Parcels,improvement_join_builtas.parcel_buildingid_1,0,512" #</Process><Process ToolSource="c:\users\ulsr1477\appdata\local\programs\arcgis\pro\Resources\ArcToolbox\toolboxes\Data Management Tools.tbx\UpdateSchema" Date="20220301" Time="114250">UpdateSchema "CIMDATA=&lt;CIMStandardDataConnection xsi:type='typens:CIMStandardDataConnection' xmlns:xsi='http://www.w3.org/2001/XMLSchema-instance' xmlns:xs='http://www.w3.org/2001/XMLSchema' xmlns:typens='http://www.esri.com/schemas/ArcGIS/2.6.0'&gt;&lt;WorkspaceConnectionString&gt;DATABASE=C:\Users\ulsr1477\Desktop\testing\testing\testing.gdb&lt;/WorkspaceConnectionString&gt;&lt;WorkspaceFactory&gt;FileGDB&lt;/WorkspaceFactory&gt;&lt;Dataset&gt;HOLC_Neighborhoods_Parcels_Improvements&lt;/Dataset&gt;&lt;DatasetType&gt;esriDTFeatureClass&lt;/DatasetType&gt;&lt;/CIMStandardDataConnection&gt;" &lt;operationSequence&gt;&lt;workflow&gt;&lt;DeleteField&gt;&lt;field_name&gt;TaxParcelLevel&lt;/field_name&gt;&lt;field_name&gt;TaxParcelUnit&lt;/field_name&gt;&lt;field_name&gt;TaxParcelUnitType&lt;/field_name&gt;&lt;field_name&gt;EffectiveDate&lt;/field_name&gt;&lt;field_name&gt;RetiredDate&lt;/field_name&gt;&lt;field_name&gt;TaxParcelMultiPartCount&lt;/field_name&gt;&lt;field_name&gt;SubtypeCD&lt;/field_name&gt;&lt;field_name&gt;TaxParcelComment&lt;/field_name&gt;&lt;field_name&gt;EditDate&lt;/field_name&gt;&lt;field_name&gt;Delivery_Address&lt;/field_name&gt;&lt;field_name&gt;City_State&lt;/field_name&gt;&lt;field_name&gt;Zipcode&lt;/field_name&gt;&lt;field_name&gt;Site_Address&lt;/field_name&gt;&lt;field_name&gt;Business_Name&lt;/field_name&gt;&lt;field_name&gt;Land_Acres&lt;/field_name&gt;&lt;field_name&gt;Land_Value&lt;/field_name&gt;&lt;field_name&gt;Tax_Senior_Exemption&lt;/field_name&gt;&lt;field_name&gt;Legal_Description&lt;/field_name&gt;&lt;field_name&gt;Exemption_Code&lt;/field_name&gt;&lt;field_name&gt;RTSQQ&lt;/field_name&gt;&lt;field_name&gt;X_Coordinate&lt;/field_name&gt;&lt;field_name&gt;Y_Coordinate&lt;/field_name&gt;&lt;field_name&gt;Longitude&lt;/field_name&gt;&lt;field_name&gt;Latitude&lt;/field_name&gt;&lt;field_name&gt;MapLegend&lt;/field_name&gt;&lt;field_name&gt;OBJECTID_1&lt;/field_name&gt;&lt;field_name&gt;parcel_number&lt;/field_name&gt;&lt;field_name&gt;Neighborhood&lt;/field_name&gt;&lt;field_name&gt;Neighborhood_Extension&lt;/field_name&gt;&lt;field_name&gt;Mobile_Home_Serial_Number&lt;/field_name&gt;&lt;field_name&gt;Mobile_Home_Length&lt;/field_name&gt;&lt;field_name&gt;Mobile_Home_Make&lt;/field_name&gt;&lt;field_name&gt;Attic_Finished_Square_Feet&lt;/field_name&gt;&lt;field_name&gt;Basement_Square_Feet&lt;/field_name&gt;&lt;field_name&gt;Basement_Finished_Square_Feet&lt;/field_name&gt;&lt;field_name&gt;Carport_Square_Feet&lt;/field_name&gt;&lt;field_name&gt;Balcony_Square_Feet&lt;/field_name&gt;&lt;field_name&gt;Porch_Square_Feet&lt;/field_name&gt;&lt;field_name&gt;Detached_Garage_Square_Feet&lt;/field_name&gt;&lt;field_name&gt;Fireplaces&lt;/field_name&gt;&lt;field_name&gt;Basement_Garage_Door&lt;/field_name&gt;&lt;field_name&gt;parcel_buildingid&lt;/field_name&gt;&lt;field_name&gt;OBJECTID&lt;/field_name&gt;&lt;field_name&gt;Parcel_Number_1&lt;/field_name&gt;&lt;field_name&gt;BuildingID_1&lt;/field_name&gt;&lt;field_name&gt;Build_As_Number&lt;/field_name&gt;&lt;field_name&gt;BuiltAsID&lt;/field_name&gt;&lt;field_name&gt;BuiltAsSquareFeet&lt;/field_name&gt;&lt;field_name&gt;HVAC&lt;/field_name&gt;&lt;field_name&gt;HVACDescription&lt;/field_name&gt;&lt;field_name&gt;Exterior&lt;/field_name&gt;&lt;field_name&gt;Interior&lt;/field_name&gt;&lt;field_name&gt;Stories&lt;/field_name&gt;&lt;field_name&gt;StoryHeigh&lt;/field_name&gt;&lt;field_name&gt;SprinklerSquareFeet&lt;/field_name&gt;&lt;field_name&gt;RookCover&lt;/field_name&gt;&lt;field_name&gt;Bedrooms&lt;/field_name&gt;&lt;field_name&gt;Bathrooms&lt;/field_name&gt;&lt;field_name&gt;Units&lt;/field_name&gt;&lt;field_name&gt;BuiltAsLength&lt;/field_name&gt;&lt;field_name&gt;BuiltASWidth&lt;/field_name&gt;&lt;field_name&gt;MobileHomeModel&lt;/field_name&gt;&lt;field_name&gt;Parcel_Number_Text_1&lt;/field_name&gt;&lt;field_name&gt;foreign_key&lt;/field_name&gt;&lt;field_name&gt;parcel_buildingid_1&lt;/field_name&gt;&lt;/DeleteField&gt;&lt;/workflow&gt;&lt;/operationSequence&gt;</Process><Process ToolSource="c:\users\ulsr1477\appdata\local\programs\arcgis\pro\Resources\ArcToolbox\toolboxes\Conversion Tools.tbx\FeatureClassToFeatureClass" Date="20220301" Time="114823">FeatureClassToFeatureClass HOLC_Neighborhoods_Parcels_Improvements C:\Users\ulsr1477\Desktop\testing HOLC_Neighborhoods_Parcels_Improvements.shp # "TaxParcelN "TaxParcelNumber" true true false 10 Text 0 0,First,#,HOLC_Neighborhoods_Parcels_Improvements,TaxParcelNumber,0,10;TaxParcelT "TaxParcelType" true true false 30 Text 0 0,First,#,HOLC_Neighborhoods_Parcels_Improvements,TaxParcelType,0,30;Improvemen "Improvement_Value" true true false 4 Long 0 0,First,#,HOLC_Neighborhoods_Parcels_Improvements,Improvement_Value,-1,-1;Taxable_Va "Taxable_Value" true true false 4 Long 0 0,First,#,HOLC_Neighborhoods_Parcels_Improvements,Taxable_Value,-1,-1;Use_Code "Use_Code" true true false 5 Text 0 0,First,#,HOLC_Neighborhoods_Parcels_Improvements,Use_Code,0,5;Tax_Area_C "Tax_Area_Code" true true false 10 Text 0 0,First,#,HOLC_Neighborhoods_Parcels_Improvements,Tax_Area_Code,0,10;Landuse_De "Landuse_Description" true true false 50 Text 0 0,First,#,HOLC_Neighborhoods_Parcels_Improvements,Landuse_Description,0,50;BuildingID "BuildingID" true true false 4 Long 0 0,First,#,HOLC_Neighborhoods_Parcels_Improvements,BuildingID,-1,-1;PropertyTy "PropertyType" true true false 8000 Text 0 0,First,#,HOLC_Neighborhoods_Parcels_Improvements,PropertyType,0,8000;Square_Fee "Square_Feet" true true false 4 Long 0 0,First,#,HOLC_Neighborhoods_Parcels_Improvements,Square_Feet,-1,-1;Net_Square "Net_Square_Feet" true true false 4 Long 0 0,First,#,HOLC_Neighborhoods_Parcels_Improvements,Net_Square_Feet,-1,-1;Percent_Co "Percent_Complete" true true false 8 Double 0 0,First,#,HOLC_Neighborhoods_Parcels_Improvements,Percent_Complete,-1,-1;Condition "Condition" true true false 8000 Text 0 0,First,#,HOLC_Neighborhoods_Parcels_Improvements,Condition,0,8000;Quality "Quality" true true false 8000 Text 0 0,First,#,HOLC_Neighborhoods_Parcels_Improvements,Quality,0,8000;Primary_Oc "Primary_Occupancy_Code" true true false 4 Long 0 0,First,#,HOLC_Neighborhoods_Parcels_Improvements,Primary_Occupancy_Code,-1,-1;Primary__1 "Primary_Occupancy_Description" true true false 8000 Text 0 0,First,#,HOLC_Neighborhoods_Parcels_Improvements,Primary_Occupancy_Description,0,8000;parcel_num "parcel_number_text" true true false 512 Text 0 0,First,#,HOLC_Neighborhoods_Parcels_Improvements,parcel_number_text,0,512;BuiltAsDes "BuiltAsDescription" true true false 8000 Text 0 0,First,#,HOLC_Neighborhoods_Parcels_Improvements,BuiltAsDescription,0,8000;ClassCode "ClassCode" true true false 8000 Text 0 0,First,#,HOLC_Neighborhoods_Parcels_Improvements,ClassCode,0,8000;ClassDescr "ClassDescription" true true false 8000 Text 0 0,First,#,HOLC_Neighborhoods_Parcels_Improvements,ClassDescription,0,8000;YearBuilt "YearBuilt" true true false 4 Long 0 0,First,#,HOLC_Neighborhoods_Parcels_Improvements,YearBuilt,-1,-1;YearRemode "YearRemodeled" true true false 4 Long 0 0,First,#,HOLC_Neighborhoods_Parcels_Improvements,YearRemodeled,-1,-1;AdjustedYe "AdjustedYearBuilt" true true false 4 Long 0 0,First,#,HOLC_Neighborhoods_Parcels_Improvements,AdjustedYearBuilt,-1,-1;PhysicalAg "PhysicalAge" true true false 4 Long 0 0,First,#,HOLC_Neighborhoods_Parcels_Improvements,PhysicalAge,-1,-1;Shape_Leng "Shape_Length" false true true 8 Double 0 0,First,#,HOLC_Neighborhoods_Parcels_Improvements,Shape_Length,-1,-1;Shape_Area "Shape_Area" false true true 8 Double 0 0,First,#,HOLC_Neighborhoods_Parcels_Improvements,Shape_Area,-1,-1" #</Process></lineage><itemProps><itemName Sync="TRUE">HOLC_Neighborhoods_Parcels_Improvements</itemName><imsContentType Sync="TRUE">002</imsContentType><itemSize Sync="TRUE">0.000</itemSize><itemLocation><linkage Sync="TRUE">file://\\DFWHN5LTZ203382\C$\Users\ulsr1477\Desktop\testing\HOLC_Neighborhoods_Parcels_Improvements.shp</linkage><protocol Sync="TRUE">Local Area Network</protocol></itemLocation></itemProps><coordRef><type Sync="TRUE">Projected</type><geogcsn Sync="TRUE">GCS_North_American_1983_HARN</geogcsn><csUnits Sync="TRUE">Linear Unit: Foot_US (0.304801)</csUnits><projcsn Sync="TRUE">NAD_1983_HARN_StatePlane_Washington_South_FIPS_4602_Feet</projcsn><peXml Sync="TRUE">&lt;ProjectedCoordinateSystem xsi:type='typens:ProjectedCoordinateSystem' xmlns:xsi='http://www.w3.org/2001/XMLSchema-instance' xmlns:xs='http://www.w3.org/2001/XMLSchema' xmlns:typens='http://www.esri.com/schemas/ArcGIS/2.6.0'&gt;&lt;WKT&gt;PROJCS[&amp;quot;NAD_1983_HARN_StatePlane_Washington_South_FIPS_4602_Feet&amp;quot;,GEOGCS[&amp;quot;GCS_North_American_1983_HARN&amp;quot;,DATUM[&amp;quot;D_North_American_1983_HARN&amp;quot;,SPHEROID[&amp;quot;GRS_1980&amp;quot;,6378137.0,298.257222101]],PRIMEM[&amp;quot;Greenwich&amp;quot;,0.0],UNIT[&amp;quot;Degree&amp;quot;,0.0174532925199433]],PROJECTION[&amp;quot;Lambert_Conformal_Conic&amp;quot;],PARAMETER[&amp;quot;False_Easting&amp;quot;,1640416.666666667],PARAMETER[&amp;quot;False_Northing&amp;quot;,0.0],PARAMETER[&amp;quot;Central_Meridian&amp;quot;,-120.5],PARAMETER[&amp;quot;Standard_Parallel_1&amp;quot;,45.83333333333334],PARAMETER[&amp;quot;Standard_Parallel_2&amp;quot;,47.33333333333334],PARAMETER[&amp;quot;Latitude_Of_Origin&amp;quot;,45.33333333333334],UNIT[&amp;quot;Foot_US&amp;quot;,0.3048006096012192],AUTHORITY[&amp;quot;EPSG&amp;quot;,2927]]&lt;/WKT&gt;&lt;XOrigin&gt;-117498300&lt;/XOrigin&gt;&lt;YOrigin&gt;-98850300&lt;/YOrigin&gt;&lt;XYScale&gt;37801315.839189909&lt;/XYScale&gt;&lt;ZOrigin&gt;-100000&lt;/ZOrigin&gt;&lt;ZScale&gt;10000&lt;/ZScale&gt;&lt;MOrigin&gt;-100000&lt;/MOrigin&gt;&lt;MScale&gt;10000&lt;/MScale&gt;&lt;XYTolerance&gt;0.0032808333333333331&lt;/XYTolerance&gt;&lt;ZTolerance&gt;0.001&lt;/ZTolerance&gt;&lt;MTolerance&gt;0.001&lt;/MTolerance&gt;&lt;HighPrecision&gt;true&lt;/HighPrecision&gt;&lt;WKID&gt;2927&lt;/WKID&gt;&lt;LatestWKID&gt;2927&lt;/LatestWKID&gt;&lt;/ProjectedCoordinateSystem&gt;</peXml></coordRef><LayerFile>{"type":"CIMLayerDocument","version":"2.6.0","build":24783,"layers":["CIMPATH=map/holc_neighborhoods_parcels_improvements.xml"],"layerDefinitions":[{"type":"CIMFeatureLayer","name":"HOLC_Neighborhoods_Parcels_Improvements","uRI":"CIMPATH=map/holc_neighborhoods_parcels_improvements.xml","sourceModifiedTime":{"type":"TimeInstant"},"useSourceMetadata":true,"description":"HOLC_Neighborhoods_Parcels_Improvements","layerElevation":{"type":"CIMLayerElevationSurface","mapElevationID":"{51669583-E73E-470B-90D3-86EE2AFECDC8}"},"expanded":true,"layerType":"Operational","showLegends":true,"visibility":true,"displayCacheType":"Permanent","maxDisplayCacheAge":5,"showPopups":true,"serviceLayerID":-1,"refreshRate":-1,"refreshRateUnit":"esriTimeUnitsSeconds","autoGenerateFeatureTemplates":true,"featureElevationExpression":"0","featureTable":{"type":"CIMFeatureTable","displayField":"TaxParcelN","editable":true,"dataConnection":{"type":"CIMStandardDataConnection","workspaceConnectionString":"DATABASE=..\\..\\..\\..\\Desktop\\testing","workspaceFactory":"Shapefile","dataset":"HOLC_Neighborhoods_Parcels_Improvements","datasetType":"esriDTFeatureClass"},"studyAreaSpatialRel":"esriSpatialRelUndefined","searchOrder":"esriSearchOrderSpatial"},"htmlPopupEnabled":true,"selectable":true,"featureCacheType":"Session","displayFiltersType":"ByScale","labelClasses":[{"type":"CIMLabelClass","expression":"$feature['HOLC_Neighborhoods_Parcels.Business_Name']","expressionEngine":"Arcade","featuresToLabel":"AllVisibleFeatures","maplexLabelPlacementProperties":{"type":"CIMMaplexLabelPlacementProperties","featureType":"Polygon","avoidPolygonHoles":true,"canOverrunFeature":true,"canPlaceLabelOutsidePolygon":true,"canRemoveOverlappingLabel":true,"canStackLabel":true,"connectionType":"Unambiguous","constrainOffset":"NoConstraint","contourAlignmentType":"Page","contourLadderType":"Straight","contourMaximumAngle":90,"enableConnection":true,"featureWeight":0,"fontHeightReductionLimit":4,"fontHeightReductionStep":0.5,"fontWidthReductionLimit":90,"fontWidthReductionStep":5,"graticuleAlignmentType":"Straight","keyNumberGroupName":"Default","labelBuffer":15,"labelLargestPolygon":true,"labelPriority":-1,"labelStackingProperties":{"type":"CIMMaplexLabelStackingProperties","stackAlignment":"ChooseBest","maximumNumberOfLines":3,"minimumNumberOfCharsPerLine":3,"maximumNumberOfCharsPerLine":24,"separators":[{"type":"CIMMaplexStackingSeparator","separator":" ","splitAfter":true},{"type":"CIMMaplexStackingSeparator","separator":",","visible":true,"splitAfter":true}]},"lineFeatureType":"General","linePlacementMethod":"OffsetCurvedFromLine","maximumLabelOverrun":80,"maximumLabelOverrunUnit":"Point","minimumFeatureSizeUnit":"Map","multiPartOption":"OneLabelPerPart","offsetAlongLineProperties":{"type":"CIMMaplexOffsetAlongLineProperties","placementMethod":"BestPositionAlongLine","labelAnchorPoint":"CenterOfLabel","distanceUnit":"Percentage","useLineDirection":true},"pointExternalZonePriorities":{"type":"CIMMaplexExternalZonePriorities","aboveLeft":4,"aboveCenter":2,"aboveRight":1,"centerRight":3,"belowRight":5,"belowCenter":7,"belowLeft":8,"centerLeft":6},"pointPlacementMethod":"AroundPoint","polygonAnchorPointType":"GeometricCenter","polygonBoundaryWeight":0,"polygonExternalZones":{"type":"CIMMaplexExternalZonePriorities","aboveLeft":4,"aboveCenter":2,"aboveRight":1,"centerRight":3,"belowRight":5,"belowCenter":7,"belowLeft":8,"centerLeft":6},"polygonFeatureType":"General","polygonInternalZones":{"type":"CIMMaplexInternalZonePriorities","center":1},"polygonPlacementMethod":"HorizontalInPolygon","primaryOffset":1,"primaryOffsetUnit":"Point","removeExtraWhiteSpace":true,"repetitionIntervalUnit":"Point","rotationProperties":{"type":"CIMMaplexRotationProperties","rotationType":"Arithmetic","alignmentType":"Straight"},"secondaryOffset":100,"strategyPriorities":{"type":"CIMMaplexStrategyPriorities","stacking":1,"overrun":2,"fontCompression":3,"fontReduction":4,"abbreviation":5},"thinningDistanceUnit":"Point","truncationMarkerCharacter":".","truncationMinimumLength":1,"truncationPreferredCharacters":"aeiou","truncationExcludedCharacters":"0123456789"},"name":"Class 1","priority":-1,"standardLabelPlacementProperties":{"type":"CIMStandardLabelPlacementProperties","featureType":"Line","featureWeight":"Low","labelWeight":"High","numLabelsOption":"OneLabelPerName","lineLabelPosition":{"type":"CIMStandardLineLabelPosition","above":true,"inLine":true,"parallel":true},"lineLabelPriorities":{"type":"CIMStandardLineLabelPriorities","aboveStart":3,"aboveAlong":3,"aboveEnd":3,"centerStart":3,"centerAlong":3,"centerEnd":3,"belowStart":3,"belowAlong":3,"belowEnd":3},"pointPlacementMethod":"AroundPoint","pointPlacementPriorities":{"type":"CIMStandardPointPlacementPriorities","aboveLeft":2,"aboveCenter":2,"aboveRight":1,"centerLeft":3,"centerRight":2,"belowLeft":3,"belowCenter":3,"belowRight":2},"rotationType":"Arithmetic","polygonPlacementMethod":"AlwaysHorizontal"},"textSymbol":{"type":"CIMSymbolReference","symbol":{"type":"CIMTextSymbol","blockProgression":"TTB","depth3D":1,"extrapolateBaselines":true,"fontEffects":"Normal","fontEncoding":"Unicode","fontFamilyName":"Tahoma","fontStyleName":"Regular","fontType":"Unspecified","haloSize":1,"height":10,"hinting":"Default","horizontalAlignment":"Left","kerning":true,"letterWidth":100,"ligatures":true,"lineGapType":"ExtraLeading","symbol":{"type":"CIMPolygonSymbol","symbolLayers":[{"type":"CIMSolidFill","enable":true,"color":{"type":"CIMRGBColor","values":[0,0,0,100]}}]},"textCase":"Normal","textDirection":"LTR","verticalAlignment":"Bottom","verticalGlyphOrientation":"Right","wordSpacing":100,"billboardMode3D":"FaceNearPlane"}},"useCodedValue":true,"visibility":true,"iD":-1}],"renderer":{"type":"CIMSimpleRenderer","patch":"Default","symbol":{"type":"CIMSymbolReference","symbol":{"type":"CIMPolygonSymbol","symbolLayers":[{"type":"CIMSolidStroke","enable":true,"capStyle":"Round","joinStyle":"Round","lineStyle3D":"Strip","miterLimit":10,"width":0.69999999999999996,"color":{"type":"CIMRGBColor","values":[110,110,110,100]}},{"type":"CIMSolidFill","enable":true,"color":{"type":"CIMRGBColor","values":[212.650000000000006,252.449999999999989,196.91,100]}}]}}},"scaleSymbols":true,"snappable":true}]}</LayerFile></DataProperties><SyncDate>20220301</SyncDate><SyncTime>11481800</SyncTime><ModDate>20220301</ModDate><ModTime>11481800</ModTime></Esri><dataIdInfo><envirDesc Sync="TRUE">Microsoft Windows 10 Version 10.0 (Build 19042) ; Esri ArcGIS 12.6.0.24783</envirDesc><dataLang><languageCode value="eng" Sync="TRUE"></languageCode><countryCode value="USA" Sync="TRUE"></countryCode></dataLang><idCitation><resTitle Sync="TRUE">HOLC_Neighborhoods_Parcels_Improvements</resTitle><presForm><PresFormCd value="005" Sync="TRUE"></PresFormCd></presForm></idCitation><spatRpType><SpatRepTypCd value="001" Sync="TRUE"></SpatRepTypCd></spatRpType></dataIdInfo><mdLang><languageCode value="eng" Sync="TRUE"></languageCode><countryCode value="USA" Sync="TRUE"></countryCode></mdLang><distInfo><distFormat><formatName Sync="TRUE">Shapefile</formatName></distFormat><distTranOps><transSize Sync="TRUE">0.000</transSize></distTranOps></distInfo><mdHrLv><ScopeCd value="005" Sync="TRUE"></ScopeCd></mdHrLv><mdHrLvName Sync="TRUE">dataset</mdHrLvName><refSysInfo><RefSystem><refSysID><identCode code="2927" Sync="TRUE"></identCode><idCodeSpace Sync="TRUE">EPSG</idCodeSpace><idVersion Sync="TRUE">8.9.3(9.0.0)</idVersion></refSysID></RefSystem></refSysInfo><spatRepInfo><VectSpatRep><geometObjs Name="HOLC_Neighborhoods_Parcels_Improvements"><geoObjTyp><GeoObjTypCd value="002" Sync="TRUE"></GeoObjTypCd></geoObjTyp><geoObjCnt Sync="TRUE">0</geoObjCnt></geometObjs><topLvl><TopoLevCd value="001" Sync="TRUE"></TopoLevCd></topLvl></VectSpatRep></spatRepInfo><spdoinfo><ptvctinf><esriterm Name="HOLC_Neighborhoods_Parcels_Improvements"><efeatyp Sync="TRUE">Simple</efeatyp><efeageom code="4" Sync="TRUE"></efeageom><esritopo Sync="TRUE">FALSE</esritopo><efeacnt Sync="TRUE">0</efeacnt><spindex Sync="TRUE">FALSE</spindex><linrefer Sync="TRUE">FALSE</linrefer></esriterm></ptvctinf></spdoinfo><eainfo><detailed Name="HOLC_Neighborhoods_Parcels_Improvements"><enttyp><enttypl Sync="TRUE">HOLC_Neighborhoods_Parcels_Improvements</enttypl><enttypt Sync="TRUE">Feature Class</enttypt><enttypc Sync="TRUE">0</enttypc></enttyp><attr><attrlabl Sync="TRUE">FID</attrlabl><attalias Sync="TRUE">FID</attalias><attrtype Sync="TRUE">OID</attrtype><attwidth Sync="TRUE">4</attwidth><atprecis Sync="TRUE">0</atprecis><attscale Sync="TRUE">0</attscale><attrdef Sync="TRUE">Internal feature number.</attrdef><attrdefs Sync="TRUE">Esri</attrdefs><attrdomv><udom Sync="TRUE">Sequential unique whole numbers that are automatically generated.</udom></attrdomv></attr><attr><attrlabl Sync="TRUE">Shape</attrlabl><attalias Sync="TRUE">Shape</attalias><attrtype Sync="TRUE">Geometry</attrtype><attwidth Sync="TRUE">0</attwidth><atprecis Sync="TRUE">0</atprecis><attscale Sync="TRUE">0</attscale><attrdef Sync="TRUE">Feature geometry.</attrdef><attrdefs Sync="TRUE">Esri</attrdefs><attrdomv><udom Sync="TRUE">Coordinates defining the features.</udom></attrdomv></attr><attr><attrlabl Sync="TRUE">TaxParcelN</attrlabl><attalias Sync="TRUE">TaxParcelN</attalias><attrtype Sync="TRUE">String</attrtype><attwidth Sync="TRUE">10</attwidth><atprecis Sync="TRUE">0</atprecis><attscale Sync="TRUE">0</attscale></attr><attr><attrlabl Sync="TRUE">TaxParcelT</attrlabl><attalias Sync="TRUE">TaxParcelT</attalias><attrtype Sync="TRUE">String</attrtype><attwidth Sync="TRUE">30</attwidth><atprecis Sync="TRUE">0</atprecis><attscale Sync="TRUE">0</attscale></attr><attr><attrlabl Sync="TRUE">Improvemen</attrlabl><attalias Sync="TRUE">Improvemen</attalias><attrtype Sync="TRUE">Integer</attrtype><attwidth Sync="TRUE">10</attwidth><atprecis Sync="TRUE">10</atprecis><attscale Sync="TRUE">0</attscale></attr><attr><attrlabl Sync="TRUE">Taxable_Va</attrlabl><attalias Sync="TRUE">Taxable_Va</attalias><attrtype Sync="TRUE">Integer</attrtype><attwidth Sync="TRUE">10</attwidth><atprecis Sync="TRUE">10</atprecis><attscale Sync="TRUE">0</attscale></attr><attr><attrlabl Sync="TRUE">Use_Code</attrlabl><attalias Sync="TRUE">Use_Code</attalias><attrtype Sync="TRUE">String</attrtype><attwidth Sync="TRUE">5</attwidth><atprecis Sync="TRUE">0</atprecis><attscale Sync="TRUE">0</attscale></attr><attr><attrlabl Sync="TRUE">Tax_Area_C</attrlabl><attalias Sync="TRUE">Tax_Area_C</attalias><attrtype Sync="TRUE">String</attrtype><attwidth Sync="TRUE">10</attwidth><atprecis Sync="TRUE">0</atprecis><attscale Sync="TRUE">0</attscale></attr><attr><attrlabl Sync="TRUE">Landuse_De</attrlabl><attalias Sync="TRUE">Landuse_De</attalias><attrtype Sync="TRUE">String</attrtype><attwidth Sync="TRUE">50</attwidth><atprecis Sync="TRUE">0</atprecis><attscale Sync="TRUE">0</attscale></attr><attr><attrlabl Sync="TRUE">BuildingID</attrlabl><attalias Sync="TRUE">BuildingID</attalias><attrtype Sync="TRUE">Integer</attrtype><attwidth Sync="TRUE">10</attwidth><atprecis Sync="TRUE">10</atprecis><attscale Sync="TRUE">0</attscale></attr><attr><attrlabl Sync="TRUE">PropertyTy</attrlabl><attalias Sync="TRUE">PropertyTy</attalias><attrtype Sync="TRUE">String</attrtype><attwidth Sync="TRUE">254</attwidth><atprecis Sync="TRUE">0</atprecis><attscale Sync="TRUE">0</attscale></attr><attr><attrlabl Sync="TRUE">Square_Fee</attrlabl><attalias Sync="TRUE">Square_Fee</attalias><attrtype Sync="TRUE">Integer</attrtype><attwidth Sync="TRUE">10</attwidth><atprecis Sync="TRUE">10</atprecis><attscale Sync="TRUE">0</attscale></attr><attr><attrlabl Sync="TRUE">Net_Square</attrlabl><attalias Sync="TRUE">Net_Square</attalias><attrtype Sync="TRUE">Integer</attrtype><attwidth Sync="TRUE">10</attwidth><atprecis Sync="TRUE">10</atprecis><attscale Sync="TRUE">0</attscale></attr><attr><attrlabl Sync="TRUE">Percent_Co</attrlabl><attalias Sync="TRUE">Percent_Co</attalias><attrtype Sync="TRUE">Double</attrtype><attwidth Sync="TRUE">19</attwidth><atprecis Sync="TRUE">0</atprecis><attscale Sync="TRUE">0</attscale></attr><attr><attrlabl Sync="TRUE">Condition</attrlabl><attalias Sync="TRUE">Condition</attalias><attrtype Sync="TRUE">String</attrtype><attwidth Sync="TRUE">254</attwidth><atprecis Sync="TRUE">0</atprecis><attscale Sync="TRUE">0</attscale></attr><attr><attrlabl Sync="TRUE">Quality</attrlabl><attalias Sync="TRUE">Quality</attalias><attrtype Sync="TRUE">String</attrtype><attwidth Sync="TRUE">254</attwidth><atprecis Sync="TRUE">0</atprecis><attscale Sync="TRUE">0</attscale></attr><attr><attrlabl Sync="TRUE">Primary_Oc</attrlabl><attalias Sync="TRUE">Primary_Oc</attalias><attrtype Sync="TRUE">Integer</attrtype><attwidth Sync="TRUE">10</attwidth><atprecis Sync="TRUE">10</atprecis><attscale Sync="TRUE">0</attscale></attr><attr><attrlabl Sync="TRUE">Primary__1</attrlabl><attalias Sync="TRUE">Primary__1</attalias><attrtype Sync="TRUE">String</attrtype><attwidth Sync="TRUE">254</attwidth><atprecis Sync="TRUE">0</atprecis><attscale Sync="TRUE">0</attscale></attr><attr><attrlabl Sync="TRUE">parcel_num</attrlabl><attalias Sync="TRUE">parcel_num</attalias><attrtype Sync="TRUE">String</attrtype><attwidth Sync="TRUE">254</attwidth><atprecis Sync="TRUE">0</atprecis><attscale Sync="TRUE">0</attscale></attr><attr><attrlabl Sync="TRUE">BuiltAsDes</attrlabl><attalias Sync="TRUE">BuiltAsDes</attalias><attrtype Sync="TRUE">String</attrtype><attwidth Sync="TRUE">254</attwidth><atprecis Sync="TRUE">0</atprecis><attscale Sync="TRUE">0</attscale></attr><attr><attrlabl Sync="TRUE">ClassCode</attrlabl><attalias Sync="TRUE">ClassCode</attalias><attrtype Sync="TRUE">String</attrtype><attwidth Sync="TRUE">254</attwidth><atprecis Sync="TRUE">0</atprecis><attscale Sync="TRUE">0</attscale></attr><attr><attrlabl Sync="TRUE">ClassDescr</attrlabl><attalias Sync="TRUE">ClassDescr</attalias><attrtype Sync="TRUE">String</attrtype><attwidth Sync="TRUE">254</attwidth><atprecis Sync="TRUE">0</atprecis><attscale Sync="TRUE">0</attscale></attr><attr><attrlabl Sync="TRUE">YearBuilt</attrlabl><attalias Sync="TRUE">YearBuilt</attalias><attrtype Sync="TRUE">Integer</attrtype><attwidth Sync="TRUE">10</attwidth><atprecis Sync="TRUE">10</atprecis><attscale Sync="TRUE">0</attscale></attr><attr><attrlabl Sync="TRUE">YearRemode</attrlabl><attalias Sync="TRUE">YearRemode</attalias><attrtype Sync="TRUE">Integer</attrtype><attwidth Sync="TRUE">10</attwidth><atprecis Sync="TRUE">10</atprecis><attscale Sync="TRUE">0</attscale></attr><attr><attrlabl Sync="TRUE">AdjustedYe</attrlabl><attalias Sync="TRUE">AdjustedYe</attalias><attrtype Sync="TRUE">Integer</attrtype><attwidth Sync="TRUE">10</attwidth><atprecis Sync="TRUE">10</atprecis><attscale Sync="TRUE">0</attscale></attr><attr><attrlabl Sync="TRUE">PhysicalAg</attrlabl><attalias Sync="TRUE">PhysicalAg</attalias><attrtype Sync="TRUE">Integer</attrtype><attwidth Sync="TRUE">10</attwidth><atprecis Sync="TRUE">10</atprecis><attscale Sync="TRUE">0</attscale></attr><attr><attrlabl Sync="TRUE">Shape_Leng</attrlabl><attalias Sync="TRUE">Shape_Leng</attalias><attrtype Sync="TRUE">Double</attrtype><attwidth Sync="TRUE">19</attwidth><atprecis Sync="TRUE">0</atprecis><attscale Sync="TRUE">0</attscale></attr><attr><attrlabl Sync="TRUE">Shape_Area</attrlabl><attalias Sync="TRUE">Shape_Area</attalias><attrtype Sync="TRUE">Double</attrtype><attwidth Sync="TRUE">19</attwidth><atprecis Sync="TRUE">0</atprecis><attscale Sync="TRUE">0</attscale><attrdef Sync="TRUE">Area of feature in internal units squared.</attrdef><attrdefs Sync="TRUE">Esri</attrdefs><attrdomv><udom Sync="TRUE">Positive real numbers that are automatically generated.</udom></attrdomv></attr></detailed></eainfo><mdDateSt Sync="TRUE">20220301</mdDateSt></metadata>
