<?xml version="1.0" encoding="UTF-8"?>
<metadata><idinfo><ptcontac><cntinfo><cntorgp><cntorg>Tacoma Community &amp; Economic Development Department</cntorg><cntper>Nancy Grabinski-Young</cntper></cntorgp><cntvoice>(253) 591-5394</cntvoice><cntfax>(253) 591-5232</cntfax><cntemail>ngrabins@cityoftacoma.org</cntemail></cntinfo></ptcontac><descript><langdata Sync="TRUE">en</langdata><abstract>Historic districts and properties/landmarks within the City of Tacoma.</abstract><purpose>Districts and landmarks listed on the Tacoma, Washington Heritage, and National Register of Historic Places.  The Conservation District is also included.</purpose></descript><keywords><theme><themekt>NONE</themekt><themekey>historic</themekey><themekey>historical</themekey><themekey>district</themekey><themekey>national</themekey><themekey>washington</themekey><themekey>state</themekey><themekey>tacoma</themekey><themekey>conservation</themekey><themekey>landmark</themekey><themekey>heritage</themekey><themekey>properties</themekey></theme></keywords><accconst>No restrictions for accessing the data set.</accconst><useconst>User  agrees to protect the City-developed data from unauthorized copying, use and distribution.  The User is not to use the data for profit or to distribute it to another agency without written permission from the Tacoma Economic Development Department.  User agrees not to permit any of its employees to violate the terms of this agreement.</useconst><native Sync="TRUE">Microsoft Windows XP Version 5.1 (Build 2600) Service Pack 3; ESRI ArcCatalog 9.3.1.3500</native><citation><citeinfo><origin>Tacoma Community &amp; Economic Development Department</origin><pubdate>3/16/2010</pubdate><title Sync="TRUE">SDEGIS.histarea</title><ftname Sync="TRUE">SDEGIS.histarea</ftname><geoform Sync="TRUE">vector digital data</geoform><onlink Sync="TRUE">Server=dbpwit02; Service=5151; Database=oraGIS; User=sdegis; Version=SDE.DEFAULT</onlink><othercit>View the contents of the downloaded zip file for the currency date before the files are extracted, because some unzipping software will change the extracted file dates to be the time the files are unzipped.</othercit></citeinfo></citation><timeperd><current>publication date</current><timeinfo><sngdate><caldate>3/16/2010</caldate></sngdate></timeinfo></timeperd><status><progress>Complete</progress><update>As needed</update></status><spdom><bounding><westbc Sync="TRUE">-122.560382</westbc><eastbc Sync="TRUE">-122.393136</eastbc><northbc Sync="TRUE">47.306089</northbc><southbc Sync="TRUE">47.176723</southbc></bounding><lboundng><leftbc Sync="TRUE">1129273.898041</leftbc><rightbc Sync="TRUE">1169672.375471</rightbc><bottombc Sync="TRUE">678900.143308</bottombc><topbc Sync="TRUE">725087.560794</topbc></lboundng></spdom><natvform Sync="TRUE">SDE Feature Class</natvform></idinfo><metainfo><metc><cntinfo><cntorgp><cntorg>Tacoma Community &amp; Economic Development Department</cntorg><cntper>Nancy Grabinski-Young</cntper></cntorgp><cntaddr><addrtype>mailing and physical address</addrtype><address>747 Market Street, Room 900</address><city>Tacoma</city><state>WA</state><postal>98402</postal><country>USA</country></cntaddr><cntvoice>(253) 591-5394</cntvoice><cntfax>(253) 591-5232</cntfax><cntemail>ngrabins@cityoftacoma.org</cntemail></cntinfo></metc><metsi><metsc>Unclassified</metsc></metsi><metd Sync="TRUE">20110316</metd><langmeta Sync="TRUE">en</langmeta><metstdn Sync="TRUE">FGDC Content Standards for Digital Geospatial Metadata</metstdn><metstdv Sync="TRUE">FGDC-STD-001-1998</metstdv><mettc Sync="TRUE">local time</mettc></metainfo><distinfo><resdesc>Downloadable Data</resdesc><stdorder><digform><digtinfo><transize Sync="TRUE">0.034</transize><dssize Sync="TRUE">0.034</dssize></digtinfo></digform></stdorder></distinfo><Esri><ModDate>20200106</ModDate><ModTime>13123500</ModTime><CreaDate>20200106</CreaDate><CreaTime>15131800</CreaTime><SyncOnce>FALSE</SyncOnce><SyncDate>20200106</SyncDate><SyncTime>13120100</SyncTime><DataProperties><lineage><Process ToolSource="C:\Program Files\ArcGIS\ArcToolbox\Toolboxes\Data Management Tools.tbx\CopyFeatures" Date="20060802" Time="100839" Name="" export="">CopyFeatures \\geobase-win\pdsshare\pdsshr7\historic\histarea.shp "Database Connections\sdegis.sde\SDEGIS.histarea" SDO_GEOMETRY 0 0 0</Process><Process ToolSource="C:\Program Files\ArcGIS\ArcToolbox\Toolboxes\Data Management Tools.tbx\CopyFeatures" Date="20060926" Time="073455" Name="" export="">CopyFeatures C:\temp\histarea3.shp "Database Connections\sdegis.sde\SDEGIS.histarea3" SDO_GEOMETRY 0 0 0</Process><Process Name="UpgradeSpatialReference_1" ToolSource="C:\Program Files\ArcGIS\ArcToolbox\Toolboxes\Data Management Tools.tbx\UpgradeSpatialReference" Date="20070927" Time="114031" export="">UpgradeSpatialReference "Database Connections\sdegis.sde\SDEGIS.histarea" 2.21519037312458E-05 0.25 0.25 "Database Connections\sdegis.sde\SDEGIS.histarea"</Process><Process Name="UnregisterAsVersioned_3" ToolSource="C:\Program Files\ArcGIS\ArcToolbox\Toolboxes\Data Management Tools.tbx\UnregisterAsVersioned" Date="20080214" Time="075045" export="">UnregisterAsVersioned "Database Connections\sdegis.sde\SDEGIS.histarea" KEEP_EDIT COMPRESS_DEFAULT "Database Connections\sdegis.sde\SDEGIS.histarea"</Process><Process ToolSource="C:\Program Files\ArcGIS\ArcToolbox\Toolboxes\Data Management Tools.tbx\UnregisterAsVersioned" Date="20101117" Time="084344" Name="" export="">UnregisterAsVersioned "Database Connections\sdegis.sde\SDEGIS.histarea" KEEP_EDIT COMPRESS_DEFAULT "Database Connections\sdegis.sde\SDEGIS.histarea"</Process><Process ToolSource="C:\Program Files\ArcGIS\ArcToolbox\Toolboxes\Data Management Tools.tbx\Append" Date="20110302" Time="074453" Name="" export="">Append parcel2_Dissolve SDEGIS.histarea NO_TEST "DISTRICT 'DISTRICT' true true false 1 Text 0 0 ,First,#;PROPERTY 'PROPERTY' true true false 1 Text 0 0 ,First,#;TACOMA 'TACOMA' true true false 1 Text 0 0 ,First,#;WASH 'WASH' true true false 1 Text 0 0 ,First,#;NATIONAL 'NATIONAL' true true false 1 Text 0 0 ,First,#;CONSERVATI 'CONSERVATI' true true false 1 Text 0 0 ,First,#;D_NAME 'D_NAME' true true false 50 Text 0 0 ,First,#;P_NAME 'P_NAME' true true false 50 Text 0 0 ,First,#,\\geobase-win\ced\GADS\R2011\R055\shp\parcel2_Dissolve.shp,APPR_BUS_N,-1,-1;D_REGISTER 'D_REGISTER' true true false 50 Text 0 0 ,First,#;SE_ANNO_CAD_DATA 'SE_ANNO_CAD_DATA' true true false 0 Blob 0 0 ,First,#;MAPID 'MAPID' true true false 2 Short 0 5 ,First,#;SHAPE.AREA 'SHAPE.AREA' false false true 0 Double 0 0 ,First,#;SHAPE.LEN 'SHAPE.LEN' false false true 0 Double 0 0 ,First,#" # SDEGIS.histarea</Process><Process ToolSource="C:\Program Files\ArcGIS\Desktop10.0\ArcToolbox\Toolboxes\Data Management Tools.tbx\ChangePrivileges" Date="20120419" Time="091006" Name="" export="">ChangePrivileges 'Database Connections\sdegis.sde\SDEGIS.histarea' sdegis GRANT GRANT</Process><Process ToolSource="C:\Program Files\ArcGIS\Desktop10.0\ArcToolbox\Toolboxes\Data Management Tools.tbx\CalculateField" Date="20121102" Time="104750" Name="" export="">CalculateField "SDEGIS.histarea (properties)" NOMINATION "http://www.tacomaculture.org/historic/resource/Nomination%20Docs/2721,2723,2801,2803%20N%20Starr%20St,%20Starr%20Street%20Houses.pdf" VB #</Process><Process ToolSource="c:\arcgis\desktop10.2\ArcToolbox\Toolboxes\Data Management Tools.tbx\CopyFeatures" Date="20141106" Time="132502" Name="" export="">CopyFeatures "Database Connections\SHADOW.dbgiswh01.sde\SDEGIS.histarea" "Database Connections\SQLGIS.DBMSQL50(cot).sde\SQLGIS.COT.CED_PDS\SQLGIS.COT.histarea" # 0 0 0</Process><Process ToolSource="c:\program files (x86)\arcgis\desktop10.4\ArcToolbox\Toolboxes\Data Management Tools.tbx\CalculateField" Date="20190820" Time="162829" Name="" export="">CalculateField SQLGIS.COT.histarea NOMINATION "https://cms.cityoftacoma.org/planning/historic-preservation/NominationDocs/717TacomaAveLynnFuneralHome.pdf" VB #</Process><Process ToolSource="c:\program files (x86)\arcgis\desktop10.4\ArcToolbox\Toolboxes\Data Management Tools.tbx\CalculateField" Date="20190820" Time="163112" Name="" export="">CalculateField SQLGIS.COT.histarea NOMINATION "https://cms.cityoftacoma.org/planning/historic-preservation/NominationDocs/MurrrayMorgan.pdf" VB #</Process><Process ToolSource="c:\program files (x86)\arcgis\desktop10.4\ArcToolbox\Toolboxes\Data Management Tools.tbx\CalculateField" Date="20190905" Time="070040" Name="" export="">CalculateField SQLGIS.COT.histarea NOMINATION "https://cms.cityoftacoma.org/planning/historic-preservation/NominationDocs/1308_1310_Fawcett_AveAuditoriumDanceHall.pdf" VB #</Process></lineage><itemProps><itemName Sync="TRUE">CED.SDE.histarea</itemName><imsContentType Sync="TRUE" export="False">002</imsContentType><nativeExtBox><westBL Sync="TRUE">1129382.349148</westBL><eastBL Sync="TRUE">1169672.375523</eastBL><southBL Sync="TRUE">678900.143301</southBL><northBL Sync="TRUE">725805.489451</northBL><exTypeCode Sync="TRUE">1</exTypeCode></nativeExtBox><itemLocation><linkage Sync="TRUE">Server=DBMSQL60; Service=sde:sqlserver:DBMSQL60; Database=CED; Version=sde.DEFAULT</linkage><protocol Sync="TRUE">ArcSDE Connection</protocol></itemLocation></itemProps><coordRef><type Sync="TRUE">Projected</type><geogcsn Sync="TRUE">GCS_North_American_1983</geogcsn><projcsn Sync="TRUE">NAD_1983_StatePlane_Washington_South_FIPS_4602_Feet</projcsn><peXml Sync="TRUE">&lt;ProjectedCoordinateSystem xsi:type='typens:ProjectedCoordinateSystem' xmlns:xsi='http://www.w3.org/2001/XMLSchema-instance' xmlns:xs='http://www.w3.org/2001/XMLSchema' xmlns:typens='http://www.esri.com/schemas/ArcGIS/10.7'&gt;&lt;WKT&gt;PROJCS[&amp;quot;NAD_1983_StatePlane_Washington_South_FIPS_4602_Feet&amp;quot;,GEOGCS[&amp;quot;GCS_North_American_1983&amp;quot;,DATUM[&amp;quot;D_North_American_1983&amp;quot;,SPHEROID[&amp;quot;GRS_1980&amp;quot;,6378137.0,298.257222101]],PRIMEM[&amp;quot;Greenwich&amp;quot;,0.0],UNIT[&amp;quot;Degree&amp;quot;,0.0174532925199433]],PROJECTION[&amp;quot;Lambert_Conformal_Conic&amp;quot;],PARAMETER[&amp;quot;False_Easting&amp;quot;,1640416.666666667],PARAMETER[&amp;quot;False_Northing&amp;quot;,0.0],PARAMETER[&amp;quot;Central_Meridian&amp;quot;,-120.5],PARAMETER[&amp;quot;Standard_Parallel_1&amp;quot;,45.83333333333334],PARAMETER[&amp;quot;Standard_Parallel_2&amp;quot;,47.33333333333334],PARAMETER[&amp;quot;Latitude_Of_Origin&amp;quot;,45.33333333333334],UNIT[&amp;quot;Foot_US&amp;quot;,0.3048006096012192],AUTHORITY[&amp;quot;EPSG&amp;quot;,2286]]&lt;/WKT&gt;&lt;XOrigin&gt;-117498300&lt;/XOrigin&gt;&lt;YOrigin&gt;-98850300&lt;/YOrigin&gt;&lt;XYScale&gt;3048.0060960121928&lt;/XYScale&gt;&lt;ZOrigin&gt;0&lt;/ZOrigin&gt;&lt;ZScale&gt;1&lt;/ZScale&gt;&lt;MOrigin&gt;0&lt;/MOrigin&gt;&lt;MScale&gt;1&lt;/MScale&gt;&lt;XYTolerance&gt;0.0032808333333333331&lt;/XYTolerance&gt;&lt;ZTolerance&gt;0.001&lt;/ZTolerance&gt;&lt;MTolerance&gt;0.001&lt;/MTolerance&gt;&lt;HighPrecision&gt;true&lt;/HighPrecision&gt;&lt;WKID&gt;102749&lt;/WKID&gt;&lt;LatestWKID&gt;2286&lt;/LatestWKID&gt;&lt;/ProjectedCoordinateSystem&gt;</peXml><csUnits Sync="TRUE">Linear Unit: Foot_US (0.304801)</csUnits></coordRef></DataProperties><ArcGISProfile>ItemDescription</ArcGISProfile><ArcGISFormat>1.0</ArcGISFormat><scaleRange><minScale>150000000</minScale><maxScale>5000</maxScale></scaleRange><ArcGISstyle>FGDC CSDGM Metadata</ArcGISstyle></Esri><spdoinfo><direct Sync="TRUE">Vector</direct><ptvctinf><esriterm Name="CED.SDE.histarea"><efeatyp Sync="TRUE">Simple</efeatyp><efeageom code="4" Sync="TRUE"/><esritopo Sync="TRUE">FALSE</esritopo><efeacnt Sync="TRUE">212</efeacnt><spindex Sync="TRUE">TRUE</spindex><linrefer Sync="TRUE">FALSE</linrefer></esriterm></ptvctinf></spdoinfo><spref><horizsys><cordsysn><geogcsn Sync="TRUE">GCS_North_American_1983</geogcsn><projcsn Sync="TRUE">NAD_1983_StatePlane_Washington_South_FIPS_4602_Feet</projcsn></cordsysn><planar><planci><plance Sync="TRUE">coordinate pair</plance><plandu Sync="TRUE">survey feet</plandu><coordrep><absres Sync="TRUE">0.000022</absres><ordres Sync="TRUE">0.000022</ordres></coordrep></planci></planar><geodetic><horizdn Sync="TRUE">North American Datum of 1983</horizdn><ellips Sync="TRUE">Geodetic Reference System 80</ellips><semiaxis Sync="TRUE">6378137.000000</semiaxis><denflat Sync="TRUE">298.257222</denflat></geodetic></horizsys><vertdef><altsys><altenc Sync="TRUE">Explicit elevation coordinate included with horizontal coordinates</altenc><altres Sync="TRUE">0.250000</altres></altsys></vertdef></spref><eainfo><detailed xmlns="" Name="CED.SDE.histarea"><attr xmlns=""><attrlabl Sync="TRUE">D_NAME</attrlabl><attalias Sync="TRUE">D_NAME</attalias><attrtype Sync="TRUE">String</attrtype><attwidth Sync="TRUE">50</attwidth><atoutwid Sync="TRUE">1</atoutwid><attrdef>Historic District Name, N/A = Not Applicable</attrdef><atprecis Sync="TRUE">0</atprecis><attscale Sync="TRUE">0</attscale><attrdefs>Planning &amp; Development Services</attrdefs></attr><enttyp><enttypl Sync="TRUE">CED.SDE.histarea</enttypl><enttypt Sync="TRUE">Feature Class</enttypt><enttypc Sync="TRUE">212</enttypc><enttypd>Historic Areas</enttypd><enttypds>Planning &amp; Development Services</enttypds></enttyp><attr xmlns=""><attrlabl Sync="TRUE">DISTRICT</attrlabl><attalias Sync="TRUE">DISTRICT</attalias><attrtype Sync="TRUE">String</attrtype><attwidth Sync="TRUE">1</attwidth><atoutwid Sync="TRUE">12</atoutwid><attrdomv><edom xmlns=""><edomv>Y</edomv><edomvd>Yes - Area is within a historic district</edomvd><edomvds>Planning &amp; Development Services</edomvds></edom><edom xmlns=""><edomv>N</edomv><edomvd>No - Area is not within a historic district</edomvd><edomvds>Planning &amp; Development Services</edomvds></edom></attrdomv><attrdef>Historic District</attrdef><atprecis Sync="TRUE">0</atprecis><attscale Sync="TRUE">0</attscale><attrdefs>Planning &amp; Development Services</attrdefs></attr><attr xmlns=""><attrlabl Sync="TRUE">PROPERTY</attrlabl><attalias Sync="TRUE">PROPERTY</attalias><attrtype Sync="TRUE">String</attrtype><attwidth Sync="TRUE">1</attwidth><atoutwid Sync="TRUE">5</atoutwid><attrdomv><edom xmlns=""><edomv>Y</edomv><edomvd>Yes - Area is a historic property/landmark</edomvd><edomvds>Planning &amp; Development Services</edomvds></edom><edom xmlns=""><edomv>N</edomv><edomvd>No - Area is not a historic property/landmark</edomvd><edomvds>Planning &amp; Development Services</edomvds></edom></attrdomv><attrdef>Historic Property/Landmark</attrdef><atprecis Sync="TRUE">0</atprecis><attscale Sync="TRUE">0</attscale><attrdefs>Planning &amp; Development Services</attrdefs></attr><attr xmlns=""><attrlabl Sync="TRUE">TACOMA</attrlabl><attalias Sync="TRUE">TACOMA</attalias><attrtype Sync="TRUE">String</attrtype><attwidth Sync="TRUE">1</attwidth><atoutwid Sync="TRUE">5</atoutwid><attrdomv><edom xmlns=""><edomv>Y</edomv><edomvd>Yes - Listed on the Tacoma Register for Historic Places</edomvd><edomvds>Planning &amp; Development Services</edomvds></edom><edom xmlns=""><edomv>N</edomv><edomvd>No - Not listed on the Tacoma Register for Historic Places</edomvd><edomvds>Planning &amp; Development Services</edomvds></edom></attrdomv><attrdef>Tacoma Register for Historic Places</attrdef><atprecis Sync="TRUE">0</atprecis><attscale Sync="TRUE">0</attscale><attrdefs>Planning &amp; Development Services</attrdefs></attr><attr xmlns=""><attrlabl Sync="TRUE">WASH</attrlabl><attalias Sync="TRUE">WASH</attalias><attrtype Sync="TRUE">String</attrtype><attwidth Sync="TRUE">1</attwidth><attrdomv><edom xmlns=""><edomv>Y</edomv><edomvd>Yes - Listed on Washington Heritage Register for Historic Places</edomvd><edomvds>Planning &amp; Development Services</edomvds></edom><edom xmlns=""><edomv>N</edomv><edomvd>No - Not listed on Washington Heritage Register for Historic Places</edomvd><edomvds>Planning &amp; Development Services</edomvds></edom></attrdomv><atoutwid Sync="TRUE">10</atoutwid><attrdef>Washington Heritage Register for Historic Places</attrdef><atprecis Sync="TRUE">0</atprecis><attscale Sync="TRUE">0</attscale><attrdefs>Planning &amp; Development Services</attrdefs></attr><attr xmlns=""><attrlabl Sync="TRUE">NATIONAL_</attrlabl><attalias Sync="TRUE">NATIONAL</attalias><attrtype Sync="TRUE">String</attrtype><attwidth Sync="TRUE">1</attwidth><atprecis Sync="TRUE">0</atprecis><attscale Sync="TRUE">0</attscale><attrdef>National Register</attrdef><attrdefs>Planning &amp; Development Services</attrdefs></attr><attr xmlns=""><attrlabl Sync="TRUE">CONSERVATI</attrlabl><attalias Sync="TRUE">CONSERVATI</attalias><attrtype Sync="TRUE">String</attrtype><attwidth Sync="TRUE">1</attwidth><attrdomv><edom xmlns=""><edomv>Y</edomv><edomvd>Yes - Area within City of Tacoma Conservation District</edomvd><edomvds>Planning &amp; Development Services</edomvds></edom><edom xmlns=""><edomv>N</edomv><edomvd>No - Area not within City of Tacoma Conservation District</edomvd><edomvds>Planning &amp; Development Services</edomvds></edom></attrdomv><atoutwid Sync="TRUE">1</atoutwid><attrdef>City of Tacoma Conservation District</attrdef><atprecis Sync="TRUE">0</atprecis><attscale Sync="TRUE">0</attscale><attrdefs>Planning &amp; Development Services</attrdefs></attr><attr xmlns=""><attrlabl Sync="TRUE">P_NAME</attrlabl><attalias Sync="TRUE">P_NAME</attalias><attrtype Sync="TRUE">String</attrtype><attwidth Sync="TRUE">50</attwidth><atoutwid Sync="TRUE">1</atoutwid><attrdef>Historic Property/Landmark Name, N/A = Not Applicable</attrdef><atprecis Sync="TRUE">0</atprecis><attscale Sync="TRUE">0</attscale><attrdefs>Planning &amp; Development Services</attrdefs></attr><attr xmlns=""><attrlabl Sync="TRUE">SHAPE</attrlabl><attalias Sync="TRUE">Shape</attalias><attrtype Sync="TRUE">Geometry</attrtype><attwidth Sync="TRUE">4</attwidth><attrdef Sync="TRUE">Feature geometry.</attrdef><attrdefs Sync="TRUE">ESRI</attrdefs><attrdomv><udom Sync="TRUE">Coordinates defining the features.</udom></attrdomv><atprecis Sync="TRUE">0</atprecis><attscale Sync="TRUE">0</attscale></attr><attr xmlns=""><attrlabl Sync="TRUE">OBJECTID</attrlabl><attalias Sync="TRUE">OBJECTID</attalias><attrtype Sync="TRUE">OID</attrtype><attwidth Sync="TRUE">4</attwidth><atprecis Sync="TRUE">10</atprecis><attscale Sync="TRUE">0</attscale><attrdef Sync="TRUE">Internal feature number.</attrdef><attrdefs Sync="TRUE">ESRI</attrdefs><attrdomv><udom Sync="TRUE">Sequential unique whole numbers that are automatically generated.</udom></attrdomv></attr><attr xmlns=""><attrlabl Sync="TRUE">MAPID</attrlabl><attalias Sync="TRUE">MAPID</attalias><attrtype Sync="TRUE">SmallInteger</attrtype><attwidth Sync="TRUE">2</attwidth><atprecis Sync="TRUE">5</atprecis><attscale Sync="TRUE">0</attscale><attrdef>Unique number from map illustration of historic properties.</attrdef><attrdefs>Planning &amp; Development Services</attrdefs></attr><attr xmlns=""><attrlabl Sync="TRUE">NOMINATION</attrlabl><attalias Sync="TRUE">NOMINATION</attalias><attrtype Sync="TRUE">String</attrtype><attwidth Sync="TRUE">255</attwidth><atprecis Sync="TRUE">0</atprecis><attscale Sync="TRUE">0</attscale><attrdef>Link to original nomination document.</attrdef><attrdefs>Planning &amp; Development Services</attrdefs></attr><attr xmlns=""><attrlabl Sync="TRUE">D_REGISTER</attrlabl><attalias Sync="TRUE">D_REGISTER</attalias><attrtype Sync="TRUE">String</attrtype><attwidth Sync="TRUE">50</attwidth><attrdef>Listed  Register(s) for Historic District</attrdef><attrdomv><edom xmlns=""><edomv>Tacoma</edomv><edomvd>District listed on Tacoma Historic Register</edomvd><edomvds>Planning &amp; Development Services</edomvds></edom><edom xmlns=""><edomv>WHR</edomv><edomvd>District listed on Washington Heritage Historic Register</edomvd><edomvds>Planning &amp; Development Services</edomvds></edom><edom xmlns=""><edomv>NR</edomv><edomvd>District listed on National Historic Register</edomvd><edomvds>Planning &amp; Development Services</edomvds></edom><edom xmlns=""><edomv>N/A</edomv><edomvd>Not Applicable</edomvd><edomvds>Planning &amp; Development Services</edomvds></edom></attrdomv><atprecis Sync="TRUE">0</atprecis><attscale Sync="TRUE">0</attscale><attrdefs>Planning &amp; Development Services</attrdefs></attr><attr xmlns=""><attrlabl Sync="TRUE">SHAPE.STArea()</attrlabl><attalias Sync="TRUE">SHAPE.STArea()</attalias><attrtype Sync="TRUE">Double</attrtype><attwidth Sync="TRUE">0</attwidth><atprecis Sync="TRUE">0</atprecis><attscale Sync="TRUE">0</attscale><attrdef>Area</attrdef><attrdefs>Database function</attrdefs></attr><attr xmlns=""><attrlabl Sync="TRUE">SHAPE.STLength()</attrlabl><attalias Sync="TRUE">SHAPE.STLength()</attalias><attrtype Sync="TRUE">Double</attrtype><attwidth Sync="TRUE">0</attwidth><atprecis Sync="TRUE">0</atprecis><attscale Sync="TRUE">0</attscale><attrdef>Length</attrdef><attrdefs>Database function</attrdefs></attr></detailed></eainfo><dataqual><attracc><qattracc><attracce>Attributes verified by the Historic Preservation Officer (contact Jennifer Watson Schreck @ (253) 591-5220)</attracce></qattracc></attracc><posacc><horizpa><qhorizpa><horizpae>Lines were created from parcel boundaries (digitized from 1"=100' base)</horizpae></qhorizpa></horizpa></posacc><lineage><procstep><procdesc>Lines were created from parcel boundaries (digitized from 1"=100' base)</procdesc></procstep><procstep><procdesc Sync="TRUE">Metadata imported.</procdesc><srcused Sync="TRUE">X:\pdsshr7\historic\histarea.shp.xml</srcused><date Sync="TRUE">20030225</date><time Sync="TRUE">14583600</time></procstep><procstep><procdesc Sync="TRUE">Dataset copied.</procdesc><srcused Sync="TRUE"/><date Sync="TRUE">20030612</date><time Sync="TRUE">14212500</time></procstep><procstep><procdesc Sync="TRUE">Dataset copied.</procdesc><srcused Sync="TRUE"/><date Sync="TRUE">20030716</date><time Sync="TRUE">15591900</time></procstep><procstep><procdesc Sync="TRUE">Dataset copied.</procdesc><srcused Sync="TRUE"/><date Sync="TRUE">20031023</date><time Sync="TRUE">08542400</time></procstep><procstep><procdesc Sync="TRUE">Dataset copied.</procdesc><srcused Sync="TRUE">\\geobase1\pdsshare\pdsshr7\historic\histarea</srcused><date Sync="TRUE">20040223</date><time Sync="TRUE">10201900</time></procstep><procstep><procdesc Sync="TRUE">Dataset copied.</procdesc><srcused Sync="TRUE">\\tmb00901\pds\BIS\R2004\R052\histarea</srcused><date Sync="TRUE">20040223</date><time Sync="TRUE">10520500</time></procstep><procstep><procdesc Sync="TRUE">Dataset copied.</procdesc><srcused Sync="TRUE"/><date Sync="TRUE">20060202</date><time Sync="TRUE">09190900</time></procstep><procstep><procdesc Sync="TRUE">Dataset copied.</procdesc><srcused Sync="TRUE">\\geobase-win\ced\gads\r2006\R041\histarea-new</srcused><date Sync="TRUE">20060202</date><time Sync="TRUE">11534900</time></procstep><procstep><procdesc Sync="TRUE">Dataset copied.</procdesc><srcused Sync="TRUE"/><date Sync="TRUE">20060418</date><time Sync="TRUE">14273200</time></procstep><procstep><procdesc Sync="TRUE">Dataset copied.</procdesc><srcused Sync="TRUE">\\geobase-win\ced\gads\r2006\R106\histarea-new</srcused><date Sync="TRUE">20060418</date><time Sync="TRUE">14543300</time></procstep><procstep><procdesc Sync="TRUE">Metadata imported.</procdesc><srcused Sync="TRUE">C:\temp\metadata.xml</srcused><date Sync="TRUE">20060926</date><time Sync="TRUE">07304300</time></procstep></lineage></dataqual><dataIdInfo><envirDesc Sync="TRUE"> Version 6.2 (Build 9200) ; Esri ArcGIS 10.7.1.11595</envirDesc><dataLang><languageCode Sync="TRUE" value="eng" country="US"/><countryCode value="USA" Sync="TRUE"/></dataLang><idCitation xmlns=""><resTitle Sync="TRUE">CED.SDE.histarea</resTitle><presForm xmlns=""><PresFormCd Sync="TRUE" value="005"/></presForm><date><reviseDate>2018-01-18T00:00:00</reviseDate><pubDate>2018-01-18T00:00:00</pubDate></date><citRespParty xmlns=""><rpIndName>Nancy Grabinski-Young</rpIndName><rpOrgName>Community &amp; Economic Development, City of Tacoma</rpOrgName><role><RoleCd value="006"/></role><rpCntInfo xmlns=""><cntAddress addressType="physical"><delPoint>747 Market St, Suite 900</delPoint><city>Tacoma</city><adminArea>WA</adminArea><postCode>98402</postCode></cntAddress><cntPhone><voiceNum tddtty="">(253) 591-5394</voiceNum></cntPhone></rpCntInfo></citRespParty></idCitation><spatRpType><SpatRepTypCd Sync="TRUE" value="001"/></spatRpType><dataExt xmlns=""><geoEle xmlns=""><GeoBndBox esriExtentType="search"><westBL Sync="TRUE">-122.560021</westBL><eastBL Sync="TRUE">-122.393136</eastBL><northBL Sync="TRUE">47.308057</northBL><southBL Sync="TRUE">47.176731</southBL><exTypeCode Sync="TRUE">1</exTypeCode></GeoBndBox></geoEle><exDesc>City of Tacoma</exDesc><tempEle><TempExtent><exTemp><TM_Period xmlns=""><tmEnd>2015-01-21T00:00:00</tmEnd></TM_Period></exTemp></TempExtent></tempEle></dataExt><geoBox esriExtentType="decdegrees"><westBL Sync="TRUE">-122.560382</westBL><eastBL Sync="TRUE">-122.393136</eastBL><northBL Sync="TRUE">47.306089</northBL><southBL Sync="TRUE">47.176723</southBL><exTypeCode Sync="TRUE">1</exTypeCode></geoBox><descKeys><thesaName uuidref="723f6998-058e-11dc-8314-0800200c9a66"/><keyword Sync="TRUE">002</keyword></descKeys><otherKeys><thesaName uuidref="723f6998-058e-11dc-8314-0800200c9a66"/><keyword>002</keyword></otherKeys><idPurp>Districts and landmarks listed on the Tacoma, Washington Heritage, and National Register of Historic Places.  The Conservation District is also included.</idPurp><idAbs>&lt;DIV STYLE="text-align:Left;"&gt;&lt;DIV&gt;&lt;DIV&gt;&lt;P&gt;&lt;SPAN&gt;Historic districts and properties/landmarks within the City of Tacoma. Last updated 1/6/2020.&lt;/SPAN&gt;&lt;/P&gt;&lt;/DIV&gt;&lt;/DIV&gt;&lt;/DIV&gt;</idAbs><searchKeys><keyword>historic</keyword><keyword>historical</keyword><keyword>district</keyword><keyword>national</keyword><keyword>washington</keyword><keyword>state</keyword><keyword>tacoma</keyword><keyword>conservation</keyword><keyword>landmark</keyword><keyword>heritage</keyword><keyword>properties</keyword></searchKeys><resConst><Consts xmlns=""><useLimit>&lt;DIV STYLE="text-align:Left;"&gt;&lt;DIV&gt;&lt;DIV&gt;&lt;P&gt;&lt;SPAN&gt;User agrees to protect the City-developed data from unauthorized copying, use and distribution. The User is not to use the data for profit or to distribute it to another agency without written permission from the Tacoma Community and Economic Development Department. User agrees not to permit any of its employees to violate the terms of this agreement.&lt;/SPAN&gt;&lt;/P&gt;&lt;/DIV&gt;&lt;/DIV&gt;&lt;/DIV&gt;</useLimit></Consts></resConst><idCredit>Tacoma PDS - Historic Preservation Officer</idCredit><dataChar><CharSetCd value="004"/></dataChar><idStatus><ProgCd value="004"/></idStatus><resMaint xmlns=""><maintFreq><MaintFreqCd value="009"/></maintFreq></resMaint><resConst><LegConsts xmlns=""><useLimit>User agrees to protect the City-developed data from unauthorized copying, use and distribution. The User is not to use the data for profit or to distribute it to another agency without written permission from the Tacoma Community and Economic Development Department. User agrees not to permit any of its employees to violate the terms of this agreement.</useLimit></LegConsts></resConst></dataIdInfo><mdLang><languageCode Sync="TRUE" value="eng"/><countryCode value="USA" Sync="TRUE"/></mdLang><mdStanName>ArcGIS Metadata</mdStanName><mdStanVer>1.0</mdStanVer><mdChar><CharSetCd Sync="TRUE" value="005"/></mdChar><mdHrLv><ScopeCd Sync="TRUE" value="005"/></mdHrLv><mdHrLvName Sync="TRUE">dataset</mdHrLvName><distInfo xmlns=""><distributor xmlns=""><distorTran xmlns=""><onLineSrc><orDesc Sync="TRUE">002</orDesc><linkage Sync="TRUE">Server=dbpwit02; Service=5151; Database=oraGIS; User=sdegis; Version=SDE.DEFAULT</linkage><protocol Sync="TRUE">ArcSDE Connection</protocol></onLineSrc><transSize Sync="TRUE">0.034</transSize></distorTran><distorFormat xmlns=""><formatName Sync="TRUE">SDE Feature Class</formatName><formatVer>Current</formatVer></distorFormat></distributor><distFormat xmlns=""><formatName Sync="FALSE">SDE Feature Class (Historic Areas)</formatName><formatVer>Current</formatVer></distFormat></distInfo><spatRepInfo><VectSpatRep><geometObjs Name="CED.SDE.histarea"><geoObjTyp><GeoObjTypCd value="002" Sync="TRUE"/></geoObjTyp><geoObjCnt Sync="TRUE">212</geoObjCnt></geometObjs><topLvl><TopoLevCd value="001" Sync="TRUE"/></topLvl></VectSpatRep></spatRepInfo><mdDateSt Sync="TRUE">20200106</mdDateSt><refSysInfo><RefSystem><refSysID><identCode Sync="TRUE" code="2286">NAD_1983_StatePlane_Washington_South_FIPS_4602_Feet</identCode><idCodeSpace Sync="TRUE">EPSG</idCodeSpace><idVersion Sync="TRUE">5.3(9.0.0)</idVersion></refSysID></RefSystem></refSysInfo><mdContact xmlns=""><rpIndName>Nancy Grabinski-Young</rpIndName><rpOrgName>Community &amp; Economic Development, City of Tacoma</rpOrgName><role><RoleCd value="006"/></role><rpCntInfo xmlns=""><cntAddress addressType="physical"><delPoint>747 Market St, Suite 900</delPoint><city>Tacoma</city><adminArea>WA</adminArea><postCode>98402</postCode></cntAddress><cntPhone><voiceNum tddtty="">(253) 591-5394</voiceNum></cntPhone></rpCntInfo><displayName>Nancy Grabinski-Young</displayName></mdContact><mdMaint xmlns=""><maintFreq><MaintFreqCd value="009"/></maintFreq></mdMaint></metadata>
